1,1,70,151,5,14
2,1,64,94,1,64
3,1,510,63,6,85
4,1,219,127,3,73
5,1,309,145,3,103
6,1,228,79,6,38
7,2,544,149,4,136
8,3,38,144,1,38
9,3,90,129,5,18
10,3,111,46,1,111
11,3,402,153,3,134
12,3,260,199,2,130
13,4,232,13,2,116
14,4,588,178,6,98
15,4,114,116,3,38
16,4,665,45,5,133
17,5,228,102,2,114
18,5,332,6,4,83
19,5,48,91,3,16
20,5,372,88,6,62
21,5,426,187,6,71
22,5,756,189,6,126
23,6,525,126,5,105
24,6,232,21,4,58
25,6,355,57,5,71
26,6,243,142,3,81
27,6,17,141,1,17
28,7,495,82,5,99
29,7,255,16,5,51
30,7,276,103,2,138
31,7,120,3,3,40
32,7,62,59,1,62
33,7,162,125,6,27
34,7,3,33,3,1
35,7,198,66,3,66
36,7,130,165,2,65
37,7,354,56,6,59
38,8,68,35,4,17
39,8,750,66,6,125
40,8,115,102,5,23
41,9,200,26,5,40
42,9,274,182,2,137
43,9,237,156,3,79
44,9,465,122,5,93
45,9,612,152,6,102
46,10,625,199,5,125
47,10,436,6,4,109
48,11,12,173,4,3
49,11,49,48,1,49
50,11,392,49,4,98
51,12,116,175,1,116
52,12,16,28,2,8
53,12,130,123,2,65
54,12,180,133,3,60
55,12,276,191,3,92
56,12,252,31,3,84
57,12,140,18,1,140
58,13,286,107,2,143
59,13,125,102,1,125
60,13,618,14,6,103
61,13,166,11,2,83
62,13,333,87,3,111
63,13,284,134,4,71
64,14,38,118,2,19
65,14,4,28,2,2
66,14,260,60,5,52
67,14,84,67,1,84
68,14,425,192,5,85
69,14,121,159,1,121
70,14,176,49,4,44
71,14,132,86,6,22
72,15,236,103,2,118
73,15,532,120,4,133
74,15,330,172,6,55
75,15,576,145,6,96
76,15,212,12,4,53
77,15,423,65,3,141
78,16,252,15,6,42
79,16,97,187,1,97
80,16,34,192,2,17
81,16,705,190,5,141
82,17,165,186,5,33
83,17,171,105,3,57
84,17,610,61,5,122
85,17,154,161,2,77
86,18,125,99,5,25
87,18,355,54,5,71
88,18,92,58,4,23
89,18,114,182,1,114
90,18,95,36,5,19
91,18,25,106,5,5
92,18,804,87,6,134
93,18,21,98,1,21
94,19,360,14,6,60
95,19,256,49,4,64
96,20,78,99,2,39
97,20,108,147,3,36
98,21,261,86,3,87
99,21,242,95,2,121
100,21,52,193,2,26
101,21,72,167,3,24
102,21,95,55,5,19
103,21,4,35,4,1
104,22,39,160,3,13
105,22,400,21,4,100
106,22,208,58,2,104
107,22,660,84,5,132
108,22,129,23,1,129
109,22,344,67,4,86
110,22,124,33,1,124
111,22,520,68,5,104
112,23,60,97,5,12
113,23,12,202,2,6
114,23,636,117,6,106
115,23,858,184,6,143
116,23,290,16,5,58
117,23,732,196,6,122
118,24,430,77,5,86
119,24,496,74,4,124
120,25,156,53,4,39
121,25,264,90,6,44
122,25,108,5,4,27
123,25,268,193,4,67
124,25,340,196,4,85
125,25,212,51,2,106
126,25,630,86,5,126
127,26,720,21,5,144
128,26,102,76,3,34
129,27,8,78,1,8
130,27,228,105,4,57
131,27,243,95,3,81
132,27,5,82,1,5
133,27,200,67,2,100
134,27,354,139,6,59
135,27,74,109,2,37
136,27,73,80,1,73
137,27,17,126,1,17
138,27,67,59,1,67
139,28,254,140,2,127
140,28,228,46,4,57
141,28,122,53,1,122
142,28,135,65,1,135
143,28,8,116,1,8
144,28,109,183,1,109
145,28,58,179,1,58
146,28,780,25,6,130
147,28,32,93,2,16
148,28,212,97,4,53
149,29,100,45,5,20
150,29,24,82,3,8
151,29,484,150,4,121
152,30,102,62,2,51
153,30,336,31,4,84
154,30,103,197,1,103
155,31,112,167,1,112
156,31,188,84,4,47
157,31,42,173,1,42
158,31,332,19,4,83
159,31,205,64,5,41
160,31,695,112,5,139
161,31,200,44,2,100
162,31,335,29,5,67
163,31,1,149,1,1
164,31,93,91,1,93
165,31,42,71,2,21
166,32,402,190,3,134
167,32,355,7,5,71
168,32,60,152,4,15
169,32,635,8,5,127
170,33,90,69,3,30
171,33,460,66,5,92
172,33,395,184,5,79
173,34,456,168,4,114
174,34,196,114,2,98
175,34,114,67,3,38
176,34,162,189,6,27
177,35,228,172,3,76
178,35,726,27,6,121
179,35,230,57,2,115
180,35,504,37,4,126
181,35,496,173,4,124
182,35,272,54,4,68
183,36,210,144,5,42
184,36,66,183,2,33
185,36,266,146,2,133
186,36,348,135,4,87
187,36,261,103,3,87
188,37,588,186,6,98
189,37,136,163,4,34
190,37,84,147,6,14
191,37,870,158,6,145
192,37,98,132,2,49
193,37,48,99,1,48
194,37,124,88,2,62
195,37,354,110,6,59
196,38,618,187,6,103
197,38,96,175,2,48
198,38,342,95,3,114
199,38,144,119,4,36
200,38,133,12,1,133
201,39,84,155,1,84
202,39,42,185,6,7
203,39,48,60,3,16
204,39,505,18,5,101
205,39,230,41,5,46
206,39,3,136,1,3
207,40,684,60,6,114
208,40,5,139,5,1
209,40,240,159,6,40
210,40,112,135,1,112
211,40,384,140,4,96
212,40,272,165,4,68
213,40,171,100,3,57
214,41,594,154,6,99
215,41,147,117,3,49
216,41,168,149,6,28
217,41,655,186,5,131
218,42,143,119,1,143
219,42,33,55,1,33
220,42,64,144,2,32
221,42,188,22,4,47
222,43,396,157,3,132
223,43,190,141,5,38
224,43,128,141,2,64
225,43,174,138,3,58
226,43,222,33,2,111
227,43,291,31,3,97
228,43,189,198,3,63
229,43,135,101,5,27
230,43,186,6,3,62
231,43,264,3,6,44
232,43,246,68,2,123
233,44,44,154,2,22
234,44,540,27,6,90
235,44,73,84,1,73
236,44,210,183,5,42
237,44,35,131,5,7
238,45,62,146,2,31
239,45,522,76,6,87
240,45,345,42,5,69
241,45,148,183,4,37
242,45,148,154,4,37
243,45,270,183,2,135
244,45,130,201,2,65
245,45,41,193,1,41
246,45,132,93,1,132
247,46,74,195,2,37
248,46,60,102,3,20
249,46,98,176,1,98
250,46,45,37,5,9
251,46,76,16,4,19
252,46,480,40,4,120
253,47,8,103,4,2
254,47,330,91,6,55
255,47,522,138,6,87
256,47,136,108,2,68
257,47,475,143,5,95
258,47,357,29,3,119
259,47,11,183,1,11
260,47,468,150,6,78
261,48,91,153,1,91
262,48,122,167,1,122
263,48,264,3,3,88
264,49,11,65,1,11
265,49,114,166,3,38
266,49,120,27,5,24
267,49,141,62,1,141
268,49,32,5,4,8
269,49,30,72,3,10
270,49,870,155,6,145
271,49,332,11,4,83
272,49,204,24,4,51
273,50,150,73,3,50
274,50,131,27,1,131
275,50,48,178,3,16
276,50,100,200,5,20
277,50,196,93,2,98
278,50,750,36,6,125
279,50,215,5,5,43
280,50,268,51,2,134
281,51,354,47,3,118
282,51,71,157,1,71
283,51,82,174,1,82
284,51,132,109,3,44
285,51,118,97,2,59
286,51,510,58,5,102
287,52,12,188,3,4
288,52,348,178,4,87
289,52,680,76,5,136
290,52,42,176,1,42
291,52,145,97,5,29
292,52,113,8,1,113
293,53,67,148,1,67
294,53,552,68,6,92
295,53,140,76,5,28
296,53,83,136,1,83
297,53,50,25,5,10
298,54,180,86,3,60
299,54,420,178,5,84
300,54,72,159,4,18
301,54,218,195,2,109
302,54,45,42,3,15
303,55,93,92,3,31
304,55,96,88,3,32
305,55,68,122,1,68
306,55,230,57,5,46
307,55,45,42,5,9
308,55,6,163,2,3
309,55,810,23,6,135
310,55,10,113,5,2
311,55,288,116,4,72
312,55,426,22,3,142
313,56,231,136,3,77
314,56,540,62,6,90
315,56,429,42,3,143
316,56,486,44,6,81
317,57,536,198,4,134
318,57,86,139,1,86
319,57,485,32,5,97
320,57,162,15,2,81
321,57,140,28,1,140
322,57,432,48,6,72
323,58,715,14,5,143
324,58,272,171,2,136
325,58,124,59,2,62
326,59,275,64,5,55
327,59,390,97,6,65
328,59,154,114,2,77
329,59,190,115,2,95
330,59,208,198,2,104
331,60,84,77,6,14
332,60,150,142,6,25
333,60,24,185,6,4
334,60,54,31,2,27
335,60,75,129,1,75
336,61,405,22,5,81
337,61,600,78,6,100
338,61,556,173,4,139
339,61,121,121,1,121
340,61,414,143,6,69
341,61,216,140,6,36
342,62,220,157,4,55
343,62,270,20,2,135
344,62,540,120,5,108
345,62,82,158,2,41
346,62,126,61,2,63
347,62,76,72,4,19
348,62,590,14,5,118
349,62,26,64,2,13
350,62,90,157,3,30
351,63,40,10,2,20
352,63,32,5,4,8
353,63,27,158,1,27
354,63,618,92,6,103
355,64,77,139,1,77
356,64,128,150,1,128
357,64,258,16,6,43
358,64,384,156,4,96
359,64,408,59,6,68
360,64,700,171,5,140
361,64,99,35,3,33
362,64,180,122,5,36
363,64,846,130,6,141
364,64,215,199,5,43
365,64,180,86,4,45
366,65,39,49,1,39
367,65,496,9,4,124
368,66,88,10,2,44
369,66,744,45,6,124
370,67,166,33,2,83
371,67,58,76,2,29
372,67,160,7,4,40
373,68,116,190,4,29
374,68,12,131,2,6
375,68,450,157,5,90
376,68,196,8,4,49
377,69,48,114,3,16
378,69,59,112,1,59
379,69,18,69,2,9
380,69,363,75,3,121
381,69,768,171,6,128
382,69,124,29,1,124
383,69,660,36,6,110
384,69,114,156,2,57
385,70,60,97,4,15
386,70,164,183,4,41
387,70,666,168,6,111
388,70,534,112,6,89
389,70,168,150,3,56
390,70,204,191,6,34
391,71,240,63,5,48
392,71,328,67,4,82
393,71,61,50,1,61
394,71,136,73,1,136
395,71,30,126,5,6
396,71,366,78,6,61
397,71,732,75,6,122
398,72,522,52,6,87
399,72,354,103,6,59
400,72,624,110,6,104
401,72,56,54,4,14
402,72,768,5,6,128
403,72,42,83,2,21
404,72,768,42,6,128
405,72,273,144,3,91
406,72,110,148,2,55
407,72,198,152,2,99
408,73,235,105,5,47
409,73,95,8,5,19
410,73,114,177,1,114
411,73,264,81,4,66
412,73,410,74,5,82
413,73,306,36,6,51
414,73,360,107,4,90
415,73,10,6,1,10
416,74,174,53,3,58
417,74,136,192,1,136
418,74,248,30,2,124
419,74,76,88,2,38
420,74,399,159,3,133
421,74,105,54,5,21
422,74,172,10,2,86
423,75,480,158,5,96
424,75,136,90,4,34
425,75,102,116,1,102
426,75,14,95,1,14
427,76,335,85,5,67
428,76,6,38,1,6
429,76,333,169,3,111
430,76,560,57,4,140
431,77,780,82,6,130
432,77,132,21,4,33
433,77,650,139,5,130
434,77,390,132,5,78
435,77,12,15,6,2
436,77,16,163,2,8
437,78,30,58,6,5
438,78,108,91,4,27
439,78,136,108,2,68
440,78,270,187,5,54
441,79,387,133,3,129
442,79,324,13,6,54
443,79,348,176,6,58
444,79,324,185,6,54
445,80,16,113,1,16
446,80,250,35,2,125
447,80,28,110,2,14
448,80,61,28,1,61
449,80,284,80,2,142
450,81,130,112,1,130
451,81,51,144,1,51
452,81,630,69,5,126
453,81,150,112,5,30
454,81,552,33,6,92
455,81,14,83,1,14
456,81,1,190,1,1
457,81,532,117,4,133
458,82,108,41,3,36
459,82,84,58,3,28
460,82,78,85,3,26
461,82,20,8,2,10
462,82,23,178,1,23
463,83,94,111,1,94
464,83,120,3,2,60
465,83,20,90,1,20
466,84,3,196,3,1
467,84,43,59,1,43
468,84,145,63,1,145
469,84,132,194,1,132
470,84,536,110,4,134
471,84,715,17,5,143
472,84,200,38,2,100
473,85,366,178,6,61
474,85,35,110,5,7
475,85,72,195,2,36
476,85,156,38,4,39
477,85,246,41,3,82
478,85,366,108,6,61
479,86,129,125,1,129
480,86,282,16,6,47
481,86,21,153,1,21
482,86,220,63,4,55
483,86,201,144,3,67
484,87,444,126,6,74
485,87,47,27,1,47
486,87,234,151,3,78
487,87,272,55,4,68
488,88,50,66,2,25
489,89,798,168,6,133
490,89,240,147,6,40
491,89,184,100,4,46
492,89,261,173,3,87
493,89,130,5,5,26
494,89,234,152,2,117
495,89,270,30,6,45
496,90,20,194,2,10
497,90,600,144,5,120
498,90,536,103,4,134
499,90,232,122,2,116
500,90,71,184,1,71
501,90,138,159,3,46
502,90,114,6,2,57
503,90,665,88,5,133
504,90,86,146,2,43
505,90,534,46,6,89
506,90,63,132,1,63
507,91,165,112,3,55
508,91,270,107,2,135
509,92,132,127,4,33
510,92,675,110,5,135
511,92,108,99,6,18
512,93,124,166,2,62
513,93,168,15,3,56
514,94,98,143,2,49
515,94,515,4,5,103
516,94,665,134,5,133
517,95,304,197,4,76
518,95,285,10,5,57
519,95,780,127,6,130
520,95,558,41,6,93
521,95,132,34,1,132
522,95,88,113,2,44
523,96,240,149,4,60
524,96,148,195,2,74
525,96,192,127,6,32
526,97,650,40,5,130
527,97,510,159,5,102
528,97,426,149,3,142
529,97,232,97,4,58
530,97,3,150,3,1
531,97,678,150,6,113
532,97,148,73,4,37
533,98,870,91,6,145
534,98,102,33,3,34
535,98,136,125,4,34
536,98,108,83,4,27
537,98,300,147,3,100
538,98,140,1,1,140
539,98,231,51,3,77
540,98,90,48,5,18
541,98,270,199,3,90
542,99,160,109,5,32
543,99,210,116,2,105
544,99,106,106,1,106
545,99,27,92,3,9
546,100,642,119,6,107
547,100,30,138,5,6
548,100,325,155,5,65
549,101,296,104,4,74
550,102,660,154,6,110
551,102,405,105,5,81
552,102,264,134,3,88
553,102,38,192,1,38
554,103,240,31,4,60
555,103,705,135,5,141
556,103,236,96,4,59
557,103,270,132,3,90
558,104,66,192,2,33
559,104,14,78,1,14
560,104,99,138,3,33
561,104,436,65,4,109
562,104,172,10,2,86
563,105,20,16,4,5
564,105,76,102,1,76
565,105,1,30,1,1
566,105,536,16,4,134
567,105,375,98,3,125
568,105,324,140,3,108
569,105,129,192,3,43
570,105,440,169,4,110
571,106,276,117,3,92
572,106,9,169,1,9
573,107,48,124,1,48
574,107,714,5,6,119
575,107,118,81,2,59
576,107,330,92,6,55
577,107,484,92,4,121
578,108,170,114,2,85
579,108,270,186,5,54
580,108,525,124,5,105
581,108,3,154,3,1
582,108,444,120,6,74
583,109,220,166,5,44
584,109,190,181,5,38
585,109,152,139,4,38
586,109,470,37,5,94
587,109,156,168,4,39
588,109,94,161,1,94
589,110,76,178,4,19
590,110,180,101,6,30
591,110,432,156,6,72
592,110,133,186,1,133
593,110,204,156,3,68
594,111,476,78,4,119
595,111,160,134,2,80
596,112,272,13,2,136
597,112,162,158,6,27
598,112,166,181,2,83
599,112,280,22,5,56
600,112,708,25,6,118
601,112,200,102,4,50
602,113,153,150,3,51
603,113,126,194,1,126
604,113,6,103,3,2
605,114,798,151,6,133
606,114,220,63,5,44
607,114,172,25,4,43
608,114,288,60,2,144
609,114,405,160,3,135
610,114,472,81,4,118
611,115,143,32,1,143
612,115,792,92,6,132
613,115,160,97,5,32
614,116,258,163,3,86
615,116,560,171,4,140
616,116,111,160,1,111
617,117,24,25,6,4
618,117,139,53,1,139
619,117,792,130,6,132
620,117,131,55,1,131
621,117,54,99,1,54
622,117,480,121,4,120
623,117,17,138,1,17
624,118,228,114,4,57
625,118,858,34,6,143
626,119,78,122,2,39
627,119,220,121,4,55
628,120,98,62,1,98
629,120,264,149,2,132
630,120,564,179,4,141
631,121,116,69,4,29
632,121,18,3,6,3
633,121,380,159,4,95
634,121,164,32,4,41
635,121,212,100,2,106
636,121,670,200,5,134
637,122,144,95,3,48
638,122,60,64,6,10
639,122,618,101,6,103
640,122,140,106,1,140
641,123,42,30,1,42
642,123,146,100,2,73
643,123,86,87,2,43
644,123,120,27,3,40
645,123,508,104,4,127
646,123,94,99,2,47
647,124,200,154,5,40
648,124,28,57,4,7
649,124,252,104,4,63
650,124,224,194,2,112
651,124,356,65,4,89
652,124,130,87,1,130
653,124,31,147,1,31
654,125,186,156,6,31
655,125,66,183,3,22
656,125,68,86,4,17
657,125,365,11,5,73
658,126,62,39,1,62
659,126,84,81,1,84
660,126,411,158,3,137
661,126,78,161,1,78
662,127,80,101,4,20
663,127,732,34,6,122
664,127,456,40,4,114
665,128,852,46,6,142
666,128,22,16,2,11
667,128,130,153,2,65
668,128,7,8,1,7
669,128,146,8,2,73
670,128,46,93,2,23
671,128,42,179,3,14
672,129,560,198,5,112
673,129,300,127,5,60
674,129,666,15,6,111
675,129,13,59,1,13
676,129,510,37,5,102
677,129,220,34,4,55
678,129,3,176,1,3
679,129,672,155,6,112
680,129,460,84,5,92
681,129,440,77,5,88
682,130,56,68,1,56
683,130,60,74,2,30
684,130,615,11,5,123
685,130,87,138,1,87
686,130,515,193,5,103
687,130,24,112,6,4
688,131,372,86,6,62
689,131,272,84,4,68
690,131,666,130,6,111
691,131,90,143,6,15
692,131,232,80,2,116
693,132,575,1,5,115
694,132,352,110,4,88
695,132,76,183,1,76
696,132,216,45,2,108
697,132,34,2,1,34
698,132,138,125,1,138
699,133,180,117,2,90
700,133,166,72,2,83
701,133,576,47,6,96
702,133,54,149,1,54
703,133,1,77,1,1
704,133,685,79,5,137
705,133,20,169,5,4
706,133,294,66,6,49
707,134,548,121,4,137
708,134,196,103,4,49
709,134,33,163,3,11
710,134,348,44,4,87
711,134,93,157,3,31
712,135,612,164,6,102
713,135,87,186,1,87
714,135,270,142,3,90
715,135,234,200,3,78
716,135,351,99,3,117
717,135,525,195,5,105
718,135,375,19,3,125
719,135,508,170,4,127
720,135,258,182,2,129
721,135,320,147,5,64
722,135,822,11,6,137
723,136,140,42,4,35
724,136,576,36,6,96
725,136,252,144,2,126
726,136,8,171,2,4
727,136,90,54,3,30
728,136,310,81,5,62
729,137,109,82,1,109
730,137,327,57,3,109
731,137,240,99,2,120
732,137,480,28,5,96
733,137,520,30,5,104
734,138,150,63,2,75
735,138,222,53,6,37
736,138,120,25,4,30
737,138,28,133,1,28
738,138,500,75,5,100
739,139,276,148,4,69
740,139,141,151,1,141
741,139,41,134,1,41
742,139,90,175,2,45
743,139,606,189,6,101
744,139,104,177,2,52
745,140,768,186,6,128
746,140,114,79,1,114
747,140,32,4,4,8
748,140,318,165,6,53
749,140,606,138,6,101
750,140,170,145,5,34
751,141,108,14,4,27
752,141,384,43,4,96
753,141,64,202,2,32
754,141,40,134,4,10
755,142,222,19,2,111
756,142,54,192,2,27
757,142,244,110,4,61
758,142,128,55,1,128
759,142,42,80,1,42
760,142,624,168,6,104
761,143,12,175,4,3
762,143,273,4,3,91
763,143,685,129,5,137
764,143,768,55,6,128
765,143,387,199,3,129
766,143,300,63,5,60
767,144,456,93,4,114
768,144,96,88,4,24
769,145,426,139,3,142
770,145,76,194,2,38
771,145,468,183,6,78
772,145,488,120,4,122
773,145,32,101,2,16
774,145,328,95,4,82
775,145,300,68,4,75
776,146,284,200,2,142
777,146,690,15,5,138
778,146,24,188,2,12
779,146,115,187,5,23
780,147,214,33,2,107
781,147,108,154,2,54
782,147,558,126,6,93
783,147,384,92,4,96
784,147,384,61,3,128
785,148,630,8,5,126
786,148,16,85,1,16
787,148,556,2,4,139
788,148,171,125,3,57
789,148,240,97,2,120
790,148,710,171,5,142
791,149,568,99,4,142
792,149,232,60,2,116
793,149,744,66,6,124
794,149,188,17,2,94
795,149,39,27,3,13
796,149,270,32,5,54
797,149,174,142,6,29
798,149,381,12,3,127
799,150,370,98,5,74
800,150,126,160,3,42
801,150,240,67,4,60
802,150,786,196,6,131
803,150,636,28,6,106
804,150,15,145,3,5
805,150,126,58,3,42
806,151,436,29,4,109
807,151,536,105,4,134
808,151,282,94,3,94
809,151,52,73,4,13
810,151,85,35,5,17
811,152,750,79,6,125
812,152,230,176,2,115
813,152,870,6,6,145
814,152,295,141,5,59
815,152,102,78,2,51
816,152,103,134,1,103
817,152,44,74,2,22
818,153,54,150,3,18
819,153,378,163,6,63
820,153,130,127,2,65
821,153,129,68,3,43
822,153,416,162,4,104
823,153,9,184,3,3
824,154,123,119,1,123
825,154,208,89,2,104
826,154,618,2,6,103
827,154,130,75,5,26
828,154,103,71,1,103
829,154,48,70,3,16
830,154,515,150,5,103
831,155,21,124,3,7
832,155,159,16,3,53
833,155,136,31,4,34
834,155,804,22,6,134
835,155,560,49,4,140
836,155,98,142,2,49
837,155,690,63,5,138
838,155,250,123,5,50
839,155,260,116,5,52
840,155,2,137,2,1
841,156,128,100,4,32
842,156,67,185,1,67
843,156,588,148,6,98
844,156,57,40,1,57
845,157,19,170,1,19
846,157,33,79,1,33
847,157,170,46,2,85
848,157,525,101,5,105
849,158,426,1,6,71
850,158,90,97,2,45
851,159,700,58,5,140
852,159,264,201,4,66
853,159,336,49,3,112
854,159,222,9,6,37
855,159,55,14,5,11
856,159,312,59,4,78
857,160,332,165,4,83
858,160,25,143,1,25
859,160,144,148,3,48
860,160,670,74,5,134
861,161,147,78,3,49
862,161,294,130,3,98
863,161,76,193,2,38
864,161,231,118,3,77
865,162,30,121,3,10
866,162,244,182,4,61
867,162,48,165,2,24
868,162,270,27,5,54
869,162,86,100,2,43
870,162,369,158,3,123
871,162,174,115,2,87
872,163,145,173,5,29
873,164,78,23,6,13
874,164,210,156,5,42
875,164,32,53,4,8
876,164,684,24,6,114
877,164,218,73,2,109
878,164,495,131,5,99
879,165,774,22,6,129
880,165,546,73,6,91
881,165,220,120,5,44
882,165,395,134,5,79
883,166,640,28,5,128
884,166,222,202,6,37
885,166,363,152,3,121
886,167,136,60,4,34
887,167,18,138,2,9
888,167,120,36,3,40
889,167,104,165,4,26
890,168,396,86,6,66
891,168,376,41,4,94
892,168,615,65,5,123
893,168,300,73,3,100
894,168,428,178,4,107
895,168,32,116,2,16
896,168,256,160,4,64
897,169,270,93,5,54
898,169,136,96,4,34
899,169,60,116,2,30
900,170,220,78,2,110
901,170,500,109,5,100
902,170,7,138,1,7
903,170,53,195,1,53
904,170,141,197,3,47
905,170,120,86,4,30
906,171,198,8,3,66
907,171,612,60,6,102
908,172,162,163,3,54
909,172,230,96,5,46
910,172,228,90,3,76
911,172,114,103,3,38
912,172,57,80,1,57
913,173,625,151,5,125
914,173,18,140,3,6
915,173,61,121,1,61
916,173,44,179,4,11
917,173,200,62,4,50
918,174,132,116,4,33
919,174,170,5,5,34
920,174,100,170,1,100
921,174,515,185,5,103
922,174,137,38,1,137
923,174,15,168,5,3
924,175,72,160,1,72
925,175,96,130,1,96
926,175,444,51,4,111
927,175,196,170,4,49
928,175,344,108,4,86
929,175,672,39,6,112
930,175,660,10,5,132
931,175,103,188,1,103
932,175,6,139,3,2
933,175,430,21,5,86
934,176,162,187,3,54
935,176,119,160,1,119
936,176,552,20,4,138
937,176,111,49,3,37
938,176,672,35,6,112
939,176,15,11,5,3
940,176,432,183,3,144
941,177,240,193,5,48
942,177,147,169,3,49
943,177,132,35,4,33
944,177,55,139,5,11
945,177,132,86,3,44
946,178,140,48,5,28
947,178,129,183,1,129
948,178,15,94,5,3
949,178,530,164,5,106
950,178,545,90,5,109
951,178,42,7,1,42
952,178,192,93,6,32
953,179,254,87,2,127
954,179,402,164,3,134
955,179,101,106,1,101
956,180,91,65,1,91
957,180,112,164,2,56
958,180,150,83,2,75
959,180,165,70,3,55
960,180,126,136,6,21
961,180,92,132,1,92
962,180,498,144,6,83
963,180,600,117,6,100
964,181,248,80,4,62
965,181,90,79,6,15
966,181,212,76,4,53
967,181,534,138,6,89
968,181,172,170,4,43
969,182,330,157,3,110
970,182,240,126,4,60
971,183,36,45,6,6
972,183,136,51,2,68
973,183,630,199,5,126
974,183,93,190,3,31
975,183,336,110,4,84
976,183,54,79,6,9
977,183,642,166,6,107
978,183,115,31,5,23
979,183,103,201,1,103
980,184,158,136,2,79
981,184,132,170,1,132
982,184,272,94,2,136
983,184,40,128,1,40
984,185,97,196,1,97
985,185,126,21,1,126
986,186,690,197,5,138
987,186,33,181,3,11
988,186,88,12,2,44
989,186,486,200,6,81
990,186,80,27,4,20
991,186,60,190,2,30
992,186,415,39,5,83
993,186,85,155,1,85
994,187,410,150,5,82
995,187,245,85,5,49
996,187,65,172,1,65
997,188,412,57,4,103
998,188,840,191,6,140
999,188,275,34,5,55
1000,188,114,85,2,57
1001,189,33,103,1,33
1002,189,136,199,2,68
1003,189,425,97,5,85
1004,189,140,199,1,140
1005,190,168,64,6,28
1006,190,388,18,4,97
1007,190,702,176,6,117
1008,190,25,79,5,5
1009,191,16,57,2,8
1010,191,88,27,2,44
1011,191,63,68,1,63
1012,191,516,16,4,129
1013,191,455,84,5,91
1014,191,388,57,4,97
1015,191,356,191,4,89
1016,192,213,134,3,71
1017,192,94,105,1,94
1018,192,10,183,1,10
1019,192,142,184,2,71
1020,192,150,114,5,30
1021,192,408,172,4,102
1022,193,40,181,1,40
1023,193,528,60,6,88
1024,193,60,50,2,30
1025,193,58,58,2,29
1026,193,25,166,1,25
1027,193,435,159,5,87
1028,193,150,45,3,50
1029,193,376,193,4,94
1030,194,121,131,1,121
1031,194,525,61,5,105
1032,194,320,21,5,64
1033,194,252,112,2,126
1034,195,144,134,4,36
1035,195,138,23,1,138
1036,195,147,51,3,49
1037,195,78,74,1,78
1038,195,834,103,6,139
1039,195,226,107,2,113
1040,196,240,18,6,40
1041,196,45,154,3,15
1042,197,42,159,3,14
1043,197,618,144,6,103
1044,197,130,147,5,26
1045,197,528,136,4,132
1046,198,44,160,2,22
1047,198,75,80,5,15
1048,198,14,27,1,14
1049,198,294,70,6,49
1050,198,270,173,3,90
1051,198,159,60,3,53
1052,199,6,120,1,6
1053,199,648,63,6,108
1054,199,804,47,6,134
1055,199,378,37,3,126
1056,199,20,108,1,20
1057,199,130,173,1,130
1058,199,30,160,6,5
1059,199,104,128,1,104
1060,200,16,59,1,16
1061,200,594,26,6,99
1062,200,152,36,2,76
1063,200,129,98,1,129
1064,201,4,187,2,2
1065,201,54,152,6,9
1066,201,100,166,5,20
1067,201,648,93,6,108
1068,202,258,18,3,86
1069,202,435,55,5,87
1070,202,550,192,5,110
1071,203,384,169,4,96
1072,203,110,122,1,110
1073,203,80,44,5,16
1074,203,32,48,2,16
1075,203,116,71,4,29
1076,204,135,72,3,45
1077,204,450,138,5,90
1078,205,732,94,6,122
1079,205,117,85,1,117
1080,205,610,150,5,122
1081,205,112,193,2,56
1082,205,369,134,3,123
1083,205,84,86,2,42
1084,206,330,155,6,55
1085,206,168,169,6,28
1086,206,232,110,4,58
1087,206,600,63,6,100
1088,206,464,57,4,116
1089,206,64,147,2,32
1090,206,117,38,3,39
1091,207,410,106,5,82
1092,207,48,107,2,24
1093,208,86,42,2,43
1094,208,792,169,6,132
1095,208,66,145,2,33
1096,209,235,69,5,47
1097,209,480,113,5,96
1098,209,70,171,2,35
1099,209,78,95,3,26
1100,209,210,185,6,35
1101,209,48,177,4,12
1102,209,90,202,1,90
1103,209,252,127,2,126
1104,209,236,85,4,59
1105,209,125,148,5,25
1106,210,190,193,2,95
1107,210,45,169,3,15
1108,210,180,103,6,30
1109,210,2,99,1,2
1110,210,237,20,3,79
1111,211,64,142,1,64
1112,211,309,168,3,103
1113,211,138,67,3,46
1114,211,380,34,5,76
1115,211,249,8,3,83
1116,211,134,104,2,67
1117,212,520,55,4,130
1118,212,55,29,5,11
1119,212,108,177,1,108
1120,212,138,44,6,23
1121,213,21,181,3,7
1122,213,186,15,6,31
1123,213,168,34,6,28
1124,213,95,141,5,19
1125,213,390,92,3,130
1126,213,198,24,2,99
1127,213,40,151,5,8
1128,213,488,120,4,122
1129,213,96,60,1,96
1130,214,354,174,6,59
1131,214,244,87,2,122
1132,214,284,125,4,71
1133,214,546,180,6,91
1134,214,117,54,3,39
1135,214,834,91,6,139
1136,215,425,197,5,85
1137,215,171,197,3,57
1138,215,258,66,3,86
1139,216,20,158,5,4
1140,216,12,96,1,12
1141,216,108,102,1,108
1142,216,272,121,2,136
1143,216,49,87,1,49
1144,216,27,129,1,27
1145,217,37,119,1,37
1146,217,308,188,4,77
1147,217,774,82,6,129
1148,217,126,151,1,126
1149,217,284,135,4,71
1150,217,390,34,3,130
1151,217,726,3,6,121
1152,217,144,108,6,24
1153,217,77,86,1,77
1154,217,115,130,1,115
1155,218,168,62,2,84
1156,218,222,134,2,111
1157,218,660,82,6,110
1158,218,798,73,6,133
1159,218,27,93,3,9
1160,218,90,120,2,45
1161,218,512,199,4,128
1162,219,330,131,3,110
1163,219,106,6,1,106
1164,219,294,52,6,49
1165,219,342,52,3,114
1166,219,130,178,2,65
1167,219,141,153,1,141
1168,219,560,170,4,140
1169,219,200,173,2,100
1170,220,17,31,1,17
1171,220,138,80,6,23
1172,220,324,143,6,54
1173,220,318,88,3,106
1174,220,240,162,3,80
1175,220,248,192,4,62
1176,221,94,8,2,47
1177,221,336,131,3,112
1178,221,109,152,1,109
1179,221,798,144,6,133
1180,221,52,105,1,52
1181,221,120,195,4,30
1182,222,168,157,4,42
1183,222,110,5,2,55
1184,222,60,136,4,15
1185,222,30,14,1,30
1186,222,540,95,5,108
1187,222,390,34,3,130
1188,222,376,66,4,94
1189,222,90,106,5,18
1190,223,552,109,6,92
1191,223,172,48,4,43
1192,223,216,143,2,108
1193,223,212,85,4,53
1194,223,450,119,6,75
1195,223,153,183,3,51
1196,223,117,171,3,39
1197,223,384,56,4,96
1198,223,172,14,4,43
1199,223,96,119,4,24
1200,223,129,88,1,129
1201,223,238,62,2,119
1202,224,85,39,1,85
1203,224,228,143,4,57
1204,224,21,72,3,7
1205,224,45,88,5,9
1206,224,224,70,2,112
1207,225,8,137,4,2
1208,225,90,140,1,90
1209,225,408,78,3,136
1210,225,12,170,1,12
1211,225,324,82,6,54
1212,225,120,154,4,30
1213,225,500,88,4,125
1214,225,46,139,1,46
1215,226,110,182,5,22
1216,227,101,159,1,101
1217,227,412,171,4,103
1218,227,144,82,6,24
1219,227,144,144,6,24
1220,227,405,71,5,81
1221,227,560,45,5,112
1222,227,45,199,1,45
1223,228,396,200,3,132
1224,228,234,13,3,78
1225,228,68,170,2,34
1226,228,72,29,6,12
1227,228,280,15,5,56
1228,228,468,176,6,78
1229,228,660,147,6,110
1230,229,234,54,2,117
1231,229,396,3,4,99
1232,230,279,159,3,93
1233,230,417,173,3,139
1234,230,198,165,3,66
1235,230,462,165,6,77
1236,231,243,58,3,81
1237,231,510,29,6,85
1238,231,36,199,1,36
1239,231,424,51,4,106
1240,231,20,79,2,10
1241,232,162,55,2,81
1242,232,282,113,6,47
1243,232,69,92,3,23
1244,233,186,65,3,62
1245,233,230,120,5,46
1246,234,515,29,5,103
1247,235,6,110,1,6
1248,235,196,46,4,49
1249,235,380,109,5,76
1250,235,276,137,4,69
1251,235,312,187,4,78
1252,235,37,177,1,37
1253,235,188,125,2,94
1254,235,715,48,5,143
1255,236,213,139,3,71
1256,236,498,168,6,83
1257,236,840,55,6,140
1258,236,64,201,1,64
1259,236,144,57,4,36
1260,236,242,196,2,121
1261,236,625,172,5,125
1262,236,106,159,1,106
1263,237,255,12,3,85
1264,237,90,71,1,90
1265,237,366,42,6,61
1266,237,828,29,6,138
1267,237,130,1,5,26
1268,238,264,17,2,132
1269,238,15,146,5,3
1270,238,65,62,5,13
1271,238,462,163,6,77
1272,239,34,96,1,34
1273,239,280,67,5,56
1274,239,291,40,3,97
1275,239,460,32,4,115
1276,240,71,185,1,71
1277,240,34,65,1,34
1278,240,264,121,2,132
1279,240,720,130,5,144
1280,240,336,137,4,84
1281,240,274,182,2,137
1282,240,495,191,5,99
1283,241,375,10,5,75
1284,241,265,192,5,53
1285,242,225,22,3,75
1286,242,52,132,1,52
1287,242,318,175,3,106
1288,242,52,156,2,26
1289,242,190,109,5,38
1290,242,135,116,5,27
1291,242,186,129,6,31
1292,242,9,192,3,3
1293,243,330,106,3,110
1294,243,201,153,3,67
1295,243,540,112,6,90
1296,244,124,131,1,124
1297,244,205,97,5,41
1298,244,357,12,3,119
1299,244,120,29,4,30
1300,244,250,5,2,125
1301,244,485,51,5,97
1302,244,10,130,2,5
1303,244,164,65,2,82
1304,244,53,131,1,53
1305,244,387,87,3,129
1306,245,127,36,1,127
1307,245,102,20,6,17
1308,245,56,6,1,56
1309,246,52,39,1,52
1310,246,436,202,4,109
1311,246,570,24,6,95
1312,246,110,111,1,110
1313,246,111,36,1,111
1314,246,144,39,1,144
1315,246,62,124,2,31
1316,246,86,102,1,86
1317,247,402,26,6,67
1318,247,240,139,3,80
1319,247,213,184,3,71
1320,247,275,148,5,55
1321,247,25,114,1,25
1322,247,544,32,4,136
1323,247,54,45,2,27
1324,248,234,66,3,78
1325,248,378,23,6,63
1326,248,445,10,5,89
1327,249,368,136,4,92
1328,249,70,109,2,35
1329,249,366,186,3,122
1330,250,292,185,4,73
1331,250,276,81,3,92
1332,250,81,67,1,81
1333,250,372,134,4,93
1334,250,25,137,1,25
1335,251,231,202,3,77
1336,251,252,136,4,63
1337,251,565,37,5,113
1338,251,430,55,5,86
1339,251,70,50,5,14
1340,251,387,183,3,129
1341,251,252,195,4,63
1342,252,186,192,2,93
1343,252,468,175,4,117
1344,252,408,148,4,102
1345,252,288,84,3,96
1346,252,864,138,6,144
1347,252,204,24,4,51
1348,253,402,136,3,134
1349,253,84,92,4,21
1350,253,56,6,4,14
1351,253,116,96,4,29
1352,253,408,117,6,68
1353,253,780,123,6,130
1354,253,84,196,4,21
1355,253,250,93,5,50
1356,253,270,186,6,45
1357,253,14,43,1,14
1358,253,159,45,3,53
1359,254,756,8,6,126
1360,254,402,6,6,67
1361,254,828,139,6,138
1362,254,126,58,6,21
1363,254,38,189,1,38
1364,255,620,154,5,124
1365,255,78,175,6,13
1366,255,108,69,1,108
1367,255,124,128,2,62
1368,255,500,81,5,100
1369,256,376,16,4,94
1370,256,52,184,2,26
1371,256,80,97,4,20
1372,256,300,46,5,60
1373,257,180,99,2,90
1374,257,237,33,3,79
1375,257,816,54,6,136
1376,257,368,64,4,92
1377,257,188,107,4,47
1378,258,120,149,5,24
1379,258,435,123,5,87
1380,258,220,121,4,55
1381,258,72,195,6,12
1382,258,438,83,6,73
1383,258,78,138,2,39
1384,259,352,70,4,88
1385,259,122,88,2,61
1386,259,480,117,5,96
1387,259,75,154,1,75
1388,259,276,32,3,92
1389,259,240,147,2,120
1390,259,316,186,4,79
1391,260,102,55,1,102
1392,260,268,151,4,67
1393,260,47,175,1,47
1394,260,103,1,1,103
1395,260,97,113,1,97
1396,260,426,5,3,142
1397,260,540,110,4,135
1398,260,744,68,6,124
1399,260,26,48,1,26
1400,260,260,44,4,65
1401,260,20,155,4,5
1402,261,246,88,3,82
1403,261,498,78,6,83
1404,261,308,183,4,77
1405,261,142,42,1,142
1406,262,70,142,5,14
1407,262,432,50,4,108
1408,262,76,194,4,19
1409,262,378,186,3,126
1410,262,24,121,4,6
1411,263,500,143,4,125
1412,263,232,133,4,58
1413,263,84,172,3,28
1414,263,178,73,2,89
1415,263,285,156,5,57
1416,264,480,131,5,96
1417,264,165,110,5,33
1418,264,428,104,4,107
1419,265,121,166,1,121
1420,265,375,52,5,75
1421,265,555,38,5,111
1422,265,306,25,3,102
1423,265,276,68,3,92
1424,266,380,66,4,95
1425,266,112,39,2,56
1426,267,115,75,1,115
1427,267,90,42,2,45
1428,267,18,62,2,9
1429,267,126,87,2,63
1430,267,816,36,6,136
1431,267,196,83,4,49
1432,267,552,24,6,92
1433,268,178,59,2,89
1434,268,510,21,6,85
1435,268,552,146,6,92
1436,268,140,79,1,140
1437,269,205,53,5,41
1438,269,94,66,1,94
1439,269,204,7,4,51
1440,269,7,141,1,7
1441,269,552,96,6,92
1442,269,345,10,5,69
1443,269,448,32,4,112
1444,269,39,106,3,13
1445,270,23,146,1,23
1446,270,296,198,4,74
1447,270,420,185,6,70
1448,271,44,52,4,11
1449,271,278,91,2,139
1450,271,86,95,1,86
1451,271,236,156,2,118
1452,271,415,73,5,83
1453,271,10,46,1,10
1454,271,156,2,3,52
1455,272,42,109,2,21
1456,272,595,130,5,119
1457,272,80,116,4,20
1458,272,27,6,3,9
1459,272,145,30,5,29
1460,272,396,84,3,132
1461,273,184,6,2,92
1462,273,164,149,2,82
1463,273,252,141,6,42
1464,273,780,6,6,130
1465,273,61,43,1,61
1466,273,45,13,5,9
1467,273,61,71,1,61
1468,273,16,79,1,16
1469,273,286,133,2,143
1470,274,210,141,3,70
1471,274,210,172,6,35
1472,274,99,40,1,99
1473,274,462,178,6,77
1474,274,228,4,6,38
1475,274,726,165,6,121
1476,275,2,173,2,1
1477,275,280,193,4,70
1478,275,108,49,1,108
1479,275,450,193,6,75
1480,275,365,76,5,73
1481,275,116,55,4,29
1482,275,376,60,4,94
1483,275,504,112,6,84
1484,276,118,175,2,59
1485,276,236,110,2,118
1486,276,38,61,2,19
1487,277,690,100,5,138
1488,277,282,99,2,141
1489,277,36,103,4,9
1490,277,678,28,6,113
1491,277,400,35,4,100
1492,278,97,3,1,97
1493,278,396,124,3,132
1494,278,130,70,1,130
1495,278,112,65,4,28
1496,278,80,26,5,16
1497,278,192,73,3,64
1498,278,18,84,1,18
1499,278,768,9,6,128
1500,278,96,132,3,32
1501,278,399,19,3,133
1502,278,530,88,5,106
1503,279,304,87,4,76
1504,279,470,67,5,94
1505,279,300,96,4,75
1506,279,282,140,6,47
1507,279,20,20,5,4
1508,279,545,17,5,109
1509,279,42,75,1,42
1510,280,492,1,4,123
1511,280,384,92,3,128
1512,280,61,131,1,61
1513,280,30,192,2,15
1514,280,464,130,4,116
1515,280,88,131,1,88
1516,281,156,186,6,26
1517,281,378,202,3,126
1518,281,312,159,3,104
1519,281,23,154,1,23
1520,282,132,177,4,33
1521,282,132,169,2,66
1522,282,375,103,5,75
1523,282,510,41,5,102
1524,282,304,22,4,76
1525,283,516,88,6,86
1526,283,8,200,4,2
1527,283,129,132,1,129
1528,283,536,150,4,134
1529,283,462,189,6,77
1530,283,118,60,2,59
1531,284,140,83,4,35
1532,284,19,202,1,19
1533,284,30,49,3,10
1534,284,291,55,3,97
1535,284,102,129,1,102
1536,284,166,84,2,83
1537,284,286,5,2,143
1538,284,50,158,1,50
1539,285,252,201,4,63
1540,285,816,98,6,136
1541,285,333,102,3,111
1542,285,580,31,4,145
1543,285,92,84,1,92
1544,285,143,53,1,143
1545,285,192,166,3,64
1546,286,200,4,2,100
1547,286,49,98,1,49
1548,286,190,145,5,38
1549,287,300,19,3,100
1550,287,160,108,2,80
1551,287,110,134,1,110
1552,287,345,64,5,69
1553,287,156,146,6,26
1554,288,114,187,3,38
1555,288,333,86,3,111
1556,288,250,169,5,50
1557,288,630,100,5,126
1558,288,672,109,6,112
1559,288,64,62,2,32
1560,288,436,2,4,109
1561,288,189,91,3,63
1562,289,348,192,3,116
1563,289,92,73,1,92
1564,289,28,150,4,7
1565,289,484,88,4,121
1566,289,20,151,4,5
1567,289,56,80,2,28
1568,289,51,34,1,51
1569,290,139,138,1,139
1570,290,420,197,4,105
1571,290,105,90,5,21
1572,291,118,55,2,59
1573,291,92,49,4,23
1574,291,60,185,2,30
1575,291,396,47,4,99
1576,291,10,106,2,5
1577,291,153,5,3,51
1578,292,390,79,6,65
1579,292,10,181,2,5
1580,292,42,24,1,42
1581,292,312,112,4,78
1582,292,225,156,3,75
1583,292,363,111,3,121
1584,292,270,35,6,45
1585,292,560,29,4,140
1586,293,231,47,3,77
1587,293,59,133,1,59
1588,293,42,141,1,42
1589,293,210,187,5,42
1590,293,450,55,6,75
1591,293,123,88,3,41
1592,293,10,22,1,10
1593,294,90,193,3,30
1594,295,250,149,5,50
1595,295,33,67,1,33
1596,295,100,165,5,20
1597,295,39,28,1,39
1598,295,196,105,2,98
1599,296,440,87,5,88
1600,296,515,154,5,103
1601,296,55,192,5,11
1602,296,47,5,1,47
1603,296,245,8,5,49
1604,296,355,97,5,71
1605,297,700,46,5,140
1606,297,484,4,4,121
1607,297,420,159,3,140
1608,297,15,52,3,5
1609,297,86,102,1,86
1610,298,432,40,6,72
1611,298,216,195,3,72
1612,298,468,134,4,117
1613,298,99,131,3,33
1614,299,20,138,2,10
1615,299,67,52,1,67
1616,299,388,122,4,97
1617,299,124,135,2,62
1618,299,456,164,6,76
1619,299,60,117,4,15
1620,299,180,158,6,30
1621,299,255,141,3,85
1622,299,21,116,3,7
1623,299,456,108,4,114
1624,300,351,186,3,117
1625,300,129,16,1,129
1626,300,24,48,6,4
1627,300,120,183,4,30
1628,300,115,155,1,115
1629,300,390,179,5,78
1630,301,576,23,4,144
1631,301,260,125,5,52
1632,301,87,51,1,87
1633,301,89,50,1,89
1634,301,208,60,2,104
1635,301,476,169,4,119
1636,301,195,59,5,39
1637,302,480,192,6,80
1638,302,38,26,1,38
1639,302,282,79,3,94
1640,302,248,128,2,124
1641,302,272,91,2,136
1642,303,45,132,5,9
1643,303,255,109,3,85
1644,303,30,27,5,6
1645,303,20,92,4,5
1646,303,120,57,2,60
1647,303,46,87,1,46
1648,303,582,80,6,97
1649,303,496,202,4,124
1650,304,310,7,5,62
1651,304,198,62,6,33
1652,304,305,190,5,61
1653,304,119,133,1,119
1654,304,140,169,5,28
1655,304,224,170,2,112
1656,305,160,192,2,80
1657,305,51,166,1,51
1658,305,192,164,3,64
1659,305,8,172,2,4
1660,305,222,27,2,111
1661,305,432,196,3,144
1662,305,756,100,6,126
1663,305,552,179,4,138
1664,305,48,80,2,24
1665,305,351,109,3,117
1666,306,210,3,2,105
1667,306,83,147,1,83
1668,306,312,6,4,78
1669,306,615,163,5,123
1670,306,306,119,3,102
1671,306,273,11,3,91
1672,306,204,116,2,102
1673,306,279,44,3,93
1674,307,390,160,6,65
1675,307,290,93,5,58
1676,307,90,99,1,90
1677,307,120,123,3,40
1678,307,86,79,2,43
1679,307,72,100,2,36
1680,307,56,21,4,14
1681,308,117,39,3,39
1682,308,54,82,2,27
1683,308,798,197,6,133
1684,309,384,131,3,128
1685,309,345,123,5,69
1686,309,260,88,2,130
1687,309,8,172,4,2
1688,309,145,74,5,29
1689,310,63,15,3,21
1690,310,715,80,5,143
1691,310,172,39,2,86
1692,310,198,94,6,33
1693,310,256,83,2,128
1694,310,121,81,1,121
1695,310,306,82,6,51
1696,310,192,187,4,48
1697,310,37,80,1,37
1698,310,648,184,6,108
1699,311,204,86,2,102
1700,311,270,166,3,90
1701,311,226,155,2,113
1702,311,512,179,4,128
1703,311,185,39,5,37
1704,312,256,111,4,64
1705,312,425,76,5,85
1706,312,174,4,3,58
1707,312,675,4,5,135
1708,313,95,43,1,95
1709,313,120,75,1,120
1710,313,219,181,3,73
1711,313,218,58,2,109
1712,313,99,198,3,33
1713,314,297,44,3,99
1714,314,5,71,5,1
1715,314,670,84,5,134
1716,315,6,141,1,6
1717,315,62,193,2,31
1718,315,515,17,5,103
1719,315,207,178,3,69
1720,315,84,178,3,28
1721,315,690,69,5,138
1722,315,206,63,2,103
1723,316,133,20,1,133
1724,316,135,133,5,27
1725,316,176,133,4,44
1726,316,210,14,3,70
1727,316,532,107,4,133
1728,316,348,152,3,116
1729,317,128,30,4,32
1730,317,126,60,2,63
1731,317,54,188,6,9
1732,317,64,9,2,32
1733,318,340,161,5,68
1734,318,50,125,2,25
1735,318,535,129,5,107
1736,318,45,185,1,45
1737,319,40,129,1,40
1738,319,89,150,1,89
1739,319,156,99,2,78
1740,319,396,126,3,132
1741,319,180,62,6,30
1742,319,72,139,1,72
1743,319,132,50,2,66
1744,319,180,125,2,90
1745,319,120,198,1,120
1746,319,556,112,4,139
1747,319,354,128,3,118
1748,320,144,117,4,36
1749,320,460,132,5,92
1750,320,13,145,1,13
1751,320,60,127,2,30
1752,320,725,151,5,145
1753,320,726,113,6,121
1754,321,242,101,2,121
1755,322,114,189,6,19
1756,322,360,103,4,90
1757,322,116,91,1,116
1758,322,135,53,3,45
1759,322,76,94,4,19
1760,322,208,164,2,104
1761,322,75,83,1,75
1762,322,129,72,3,43
1763,323,512,168,4,128
1764,323,308,129,4,77
1765,323,80,109,1,80
1766,323,440,200,5,88
1767,323,356,51,4,89
1768,323,52,135,2,26
1769,323,192,152,6,32
1770,323,32,182,4,8
1771,323,255,2,3,85
1772,324,192,8,4,48
1773,324,690,201,6,115
1774,324,532,117,4,133
1775,324,186,79,3,62
1776,324,436,192,4,109
1777,324,96,47,4,24
1778,324,393,37,3,131
1779,325,19,78,1,19
1780,325,64,97,2,32
1781,325,138,127,1,138
1782,325,15,89,5,3
1783,325,870,92,6,145
1784,326,111,196,3,37
1785,326,124,63,1,124
1786,326,252,55,2,126
1787,326,80,33,1,80
1788,326,375,40,5,75
1789,326,378,39,3,126
1790,326,396,186,3,132
1791,327,108,108,1,108
1792,327,100,173,1,100
1793,327,102,44,3,34
1794,327,495,104,5,99
1795,328,108,40,4,27
1796,328,45,65,5,9
1797,328,56,142,1,56
1798,328,678,96,6,113
1799,329,76,158,1,76
1800,329,396,130,6,66
1801,329,195,137,3,65
1802,329,429,58,3,143
1803,329,82,178,2,41
1804,329,98,161,2,49
1805,329,432,105,6,72
1806,329,404,131,4,101
1807,329,10,5,1,10
1808,329,840,113,6,140
1809,330,240,133,3,80
1810,330,321,20,3,107
1811,330,354,53,3,118
1812,330,54,134,1,54
1813,330,414,60,3,138
1814,330,50,193,2,25
1815,331,630,30,6,105
1816,331,435,183,3,145
1817,331,612,36,6,102
1818,331,34,138,2,17
1819,331,201,67,3,67
1820,331,370,151,5,74
1821,332,16,82,1,16
1822,332,282,193,2,141
1823,332,774,140,6,129
1824,332,355,105,5,71
1825,332,286,158,2,143
1826,333,95,15,5,19
1827,333,234,100,3,78
1828,334,504,130,4,126
1829,334,32,182,1,32
1830,334,399,192,3,133
1831,334,640,159,5,128
1832,334,70,198,5,14
1833,334,284,148,2,142
1834,334,392,98,4,98
1835,335,228,178,2,114
1836,335,357,101,3,119
1837,335,135,99,3,45
1838,335,32,85,2,16
1839,335,79,43,1,79
1840,335,264,70,2,132
1841,335,72,131,6,12
1842,335,210,129,6,35
1843,335,49,152,1,49
1844,336,10,193,5,2
1845,336,246,169,3,82
1846,336,48,51,6,8
1847,336,364,3,4,91
1848,336,104,61,1,104
1849,336,380,4,4,95
1850,336,342,192,6,57
1851,337,168,15,4,42
1852,337,516,169,6,86
1853,337,555,25,5,111
1854,337,78,97,1,78
1855,337,732,37,6,122
1856,338,204,184,4,51
1857,338,33,130,1,33
1858,338,276,127,2,138
1859,338,162,59,6,27
1860,338,310,41,5,62
1861,339,370,7,5,74
1862,339,396,46,3,132
1863,339,410,71,5,82
1864,339,235,47,5,47
1865,339,129,144,3,43
1866,339,171,199,3,57
1867,339,18,30,1,18
1868,339,246,161,2,123
1869,340,35,145,1,35
1870,340,124,68,4,31
1871,340,195,120,5,39
1872,340,470,131,5,94
1873,340,125,162,5,25
1874,340,196,196,2,98
1875,341,344,101,4,86
1876,341,39,41,1,39
1877,341,22,91,1,22
1878,341,255,87,5,51
1879,341,290,177,5,58
1880,342,540,74,6,90
1881,342,164,32,4,41
1882,342,255,63,5,51
1883,342,234,48,2,117
1884,342,455,158,5,91
1885,342,48,140,1,48
1886,342,265,162,5,53
1887,342,415,131,5,83
1888,343,148,4,2,74
1889,343,164,87,4,41
1890,343,411,79,3,137
1891,343,2,178,2,1
1892,343,297,190,3,99
1893,343,240,102,3,80
1894,344,270,77,3,90
1895,344,96,106,6,16
1896,344,176,176,2,88
1897,344,304,197,4,76
1898,344,414,115,6,69
1899,344,96,187,3,32
1900,345,715,170,5,143
1901,345,30,85,2,15
1902,345,216,88,2,108
1903,345,684,66,6,114
1904,345,58,136,2,29
1905,346,174,93,6,29
1906,346,113,74,1,113
1907,346,702,65,6,117
1908,346,61,198,1,61
1909,346,195,169,5,39
1910,346,162,47,6,27
1911,347,214,119,2,107
1912,347,99,115,3,33
1913,347,240,19,3,80
1914,347,20,68,1,20
1915,347,10,74,5,2
1916,347,112,82,4,28
1917,348,56,14,1,56
1918,348,138,120,3,46
1919,348,556,139,4,139
1920,348,387,73,3,129
1921,348,120,19,4,30
1922,348,70,66,5,14
1923,348,222,70,6,37
1924,348,351,15,3,117
1925,348,102,54,3,34
1926,348,520,46,5,104
1927,348,152,196,4,38
1928,349,66,95,3,22
1929,349,60,178,6,10
1930,349,618,139,6,103
1931,349,580,62,4,145
1932,349,123,168,3,41
1933,349,162,128,3,54
1934,350,528,19,6,88
1935,350,4,128,1,4
1936,350,261,154,3,87
1937,350,180,137,5,36
1938,350,110,145,5,22
1939,351,472,109,4,118
1940,351,66,188,6,11
1941,351,140,14,4,35
1942,351,3,48,3,1
1943,351,47,202,1,47
1944,351,255,140,3,85
1945,352,303,201,3,101
1946,352,348,30,3,116
1947,352,305,123,5,61
1948,352,101,187,1,101
1949,352,158,45,2,79
1950,352,66,38,6,11
1951,353,580,141,4,145
1952,353,186,200,3,62
1953,353,204,32,2,102
1954,353,295,165,5,59
1955,354,98,11,2,49
1956,354,528,186,6,88
1957,354,47,11,1,47
1958,354,75,182,1,75
1959,354,738,89,6,123
1960,354,200,13,4,50
1961,354,35,71,1,35
1962,355,432,150,6,72
1963,355,107,23,1,107
1964,355,5,177,5,1
1965,355,58,98,1,58
1966,355,388,164,4,97
1967,355,264,23,3,88
1968,355,510,106,5,102
1969,355,330,149,3,110
1970,356,60,97,1,60
1971,356,81,62,3,27
1972,356,425,198,5,85
1973,357,846,143,6,141
1974,357,318,36,3,106
1975,357,42,86,3,14
1976,357,76,66,2,38
1977,357,505,117,5,101
1978,357,102,176,6,17
1979,358,156,16,6,26
1980,358,274,1,2,137
1981,358,404,89,4,101
1982,359,300,31,6,50
1983,359,93,192,3,31
1984,359,8,202,2,4
1985,359,312,17,3,104
1986,359,140,105,4,35
1987,359,111,197,3,37
1988,359,32,173,4,8
1989,359,153,198,3,51
1990,359,102,78,6,17
1991,359,292,176,4,73
1992,360,168,93,3,56
1993,360,44,147,1,44
1994,360,429,14,3,143
1995,360,432,82,6,72
1996,360,288,133,2,144
1997,361,48,10,1,48
1998,361,118,144,1,118
1999,361,184,74,4,46
2000,361,59,174,1,59
2001,361,366,153,3,122
2002,361,174,16,2,87
2003,361,152,106,2,76
2004,361,297,36,3,99
2005,361,545,43,5,109
2006,362,261,99,3,87
2007,362,83,52,1,83
2008,362,738,44,6,123
2009,363,31,129,1,31
2010,363,786,159,6,131
2011,363,393,48,3,131
2012,363,152,25,4,38
2013,364,11,99,1,11
2014,364,165,23,3,55
2015,364,116,58,1,116
2016,364,332,127,4,83
2017,364,695,202,5,139
2018,365,630,115,6,105
2019,365,90,199,1,90
2020,365,432,55,3,144
2021,366,48,134,4,12
2022,366,204,48,2,102
2023,366,105,8,5,21
2024,366,5,109,5,1
2025,366,153,197,3,51
2026,367,264,115,3,88
2027,367,465,11,5,93
2028,367,196,180,4,49
2029,368,516,37,6,86
2030,368,294,141,6,49
2031,368,512,10,4,128
2032,369,640,117,5,128
2033,369,570,109,5,114
2034,370,244,187,4,61
2035,370,206,40,2,103
2036,370,8,179,2,4
2037,370,240,103,2,120
2038,371,228,155,4,57
2039,371,226,83,2,113
2040,371,296,200,4,74
2041,372,495,178,5,99
2042,372,540,188,4,135
2043,372,96,20,2,48
2044,372,282,110,6,47
2045,373,234,154,2,117
2046,373,141,16,3,47
2047,373,286,117,2,143
2048,373,50,46,1,50
2049,373,213,163,3,71
2050,373,20,24,2,10
2051,374,852,127,6,142
2052,374,300,183,6,50
2053,374,100,36,4,25
2054,374,190,117,5,38
2055,374,360,90,6,60
2056,374,126,168,2,63
2057,375,225,157,3,75
2058,375,560,39,5,112
2059,375,165,161,5,33
2060,375,212,54,4,53
2061,375,545,5,5,109
2062,375,315,131,5,63
2063,376,48,68,4,12
2064,377,426,104,6,71
2065,377,54,15,6,9
2066,377,12,135,4,3
2067,377,59,133,1,59
2068,378,70,4,5,14
2069,378,120,46,6,20
2070,378,13,120,1,13
2071,379,66,95,3,22
2072,379,336,127,6,56
2073,379,750,61,6,125
2074,379,252,127,6,42
2075,379,162,141,3,54
2076,379,150,62,6,25
2077,380,82,18,1,82
2078,380,73,181,1,73
2079,380,297,38,3,99
2080,380,97,46,1,97
2081,380,288,31,3,96
2082,380,94,38,1,94
2083,380,15,10,1,15
2084,381,654,120,6,109
2085,381,364,140,4,91
2086,381,72,81,4,18
2087,381,107,92,1,107
2088,382,342,164,3,114
2089,382,19,118,1,19
2090,382,114,169,1,114
2091,382,290,179,5,58
2092,382,12,83,1,12
2093,382,536,110,4,134
2094,382,30,93,6,5
2095,383,25,13,1,25
2096,383,124,14,2,62
2097,383,375,193,5,75
2098,383,44,96,4,11
2099,383,128,36,2,64
2100,383,786,113,6,131
2101,384,612,22,6,102
2102,384,366,172,3,122
2103,384,7,121,1,7
2104,385,91,89,1,91
2105,385,65,140,5,13
2106,385,66,89,1,66
2107,385,555,68,5,111
2108,385,336,97,4,84
2109,385,156,136,2,78
2110,385,54,131,2,27
2111,386,134,192,1,134
2112,386,522,138,6,87
2113,386,50,61,2,25
2114,386,162,181,3,54
2115,386,258,186,6,43
2116,386,133,71,1,133
2117,386,452,75,4,113
2118,387,134,108,1,134
2119,387,300,149,3,100
2120,387,40,199,1,40
2121,387,732,125,6,122
2122,387,166,176,2,83
2123,387,100,28,2,50
2124,388,15,100,1,15
2125,388,78,95,3,26
2126,388,190,42,2,95
2127,388,720,38,5,144
2128,388,440,168,4,110
2129,389,60,28,1,60
2130,389,780,13,6,130
2131,389,516,34,6,86
2132,390,196,196,2,98
2133,390,106,99,1,106
2134,390,430,188,5,86
2135,390,636,43,6,106
2136,391,30,68,5,6
2137,391,57,81,1,57
2138,391,90,187,6,15
2139,391,204,117,4,51
2140,391,705,16,5,141
2141,391,174,119,6,29
2142,391,213,12,3,71
2143,391,66,202,1,66
2144,391,4,56,2,2
2145,392,390,122,5,78
2146,392,225,31,3,75
2147,392,380,184,5,76
2148,392,306,101,6,51
2149,392,612,83,6,102
2150,392,366,147,6,61
2151,393,110,184,2,55
2152,393,450,85,6,75
2153,393,77,161,1,77
2154,393,690,14,6,115
2155,394,540,74,5,108
2156,394,425,192,5,85
2157,395,336,77,3,112
2158,395,436,161,4,109
2159,396,309,31,3,103
2160,396,224,171,2,112
2161,396,424,59,4,106
2162,396,30,73,3,10
2163,396,156,9,4,39
2164,396,524,63,4,131
2165,396,62,8,1,62
2166,397,108,150,2,54
2167,397,110,22,2,55
2168,397,216,84,2,108
2169,397,440,25,5,88
2170,397,30,40,3,10
2171,398,44,11,1,44
2172,398,606,29,6,101
2173,398,104,39,1,104
2174,398,92,79,2,46
2175,399,392,178,4,98
2176,399,168,181,3,56
2177,399,246,39,2,123
2178,399,456,104,4,114
2179,399,345,193,3,115
2180,399,308,134,4,77
2181,399,54,155,2,27
2182,399,74,83,1,74
2183,399,390,62,3,130
2184,399,370,194,5,74
2185,399,172,1,4,43
2186,400,516,65,6,86
2187,400,140,193,4,35
2188,400,822,138,6,137
2189,400,80,72,4,20
2190,400,345,199,3,115
2191,400,585,48,5,117
2192,400,159,161,3,53
2193,400,624,149,6,104
2194,401,114,198,6,19
2195,401,35,92,1,35
2196,401,24,85,6,4
2197,401,30,111,2,15
2198,401,114,165,6,19
2199,401,124,109,4,31
2200,402,432,143,3,144
2201,402,106,39,2,53
2202,402,428,2,4,107
2203,402,108,172,6,18
2204,402,620,103,5,124
2205,402,180,132,5,36
2206,402,696,2,6,116
2207,402,32,119,4,8
2208,403,89,10,1,89
2209,403,393,144,3,131
2210,404,288,141,2,144
2211,404,140,87,5,28
2212,404,522,181,6,87
2213,404,83,25,1,83
2214,405,132,185,1,132
2215,405,210,164,5,42
2216,405,378,82,6,63
2217,405,36,144,6,6
2218,405,75,190,1,75
2219,405,231,65,3,77
2220,406,344,161,4,86
2221,406,35,166,5,7
2222,406,276,201,4,69
2223,406,180,51,2,90
2224,406,116,184,4,29
2225,406,570,62,5,114
2226,406,174,33,6,29
2227,407,348,83,6,58
2228,407,552,103,6,92
2229,407,136,175,2,68
2230,407,70,123,5,14
2231,407,387,89,3,129
2232,407,378,141,3,126
2233,407,73,150,1,73
2234,408,144,101,6,24
2235,408,558,91,6,93
2236,408,720,49,6,120
2237,409,111,161,1,111
2238,409,12,15,6,2
2239,409,408,92,4,102
2240,409,42,151,3,14
2241,409,645,5,5,129
2242,409,690,157,5,138
2243,410,435,155,5,87
2244,410,490,9,5,98
2245,410,282,196,6,47
2246,410,60,139,3,20
2247,410,30,97,5,6
2248,410,118,87,1,118
2249,411,364,7,4,91
2250,411,294,159,3,98
2251,411,864,48,6,144
2252,411,54,134,6,9
2253,411,345,191,5,69
2254,411,68,130,2,34
2255,411,121,7,1,121
2256,412,28,147,4,7
2257,412,138,136,3,46
2258,412,60,41,3,20
2259,412,530,134,5,106
2260,412,624,181,6,104
2261,412,123,164,3,41
2262,412,705,54,5,141
2263,412,124,117,4,31
2264,412,184,134,2,92
2265,412,155,48,5,31
2266,413,25,60,1,25
2267,413,136,123,2,68
2268,413,266,9,2,133
2269,413,70,7,5,14
2270,413,288,119,6,48
2271,413,64,11,4,16
2272,414,472,179,4,118
2273,414,134,77,1,134
2274,414,142,174,2,71
2275,414,40,12,1,40
2276,414,178,22,2,89
2277,415,380,86,5,76
2278,415,276,139,2,138
2279,415,7,31,1,7
2280,415,20,6,2,10
2281,415,342,199,3,114
2282,415,291,194,3,97
2283,415,88,175,1,88
2284,416,564,111,6,94
2285,416,45,17,5,9
2286,416,240,176,4,60
2287,416,204,43,6,34
2288,417,40,117,1,40
2289,417,464,189,4,116
2290,417,192,24,3,64
2291,417,48,2,4,12
2292,417,324,163,6,54
2293,417,273,70,3,91
2294,417,175,88,5,35
2295,418,515,123,5,103
2296,418,395,152,5,79
2297,418,95,108,5,19
2298,419,852,119,6,142
2299,419,246,142,2,123
2300,419,114,183,1,114
2301,419,24,36,1,24
2302,420,80,12,2,40
2303,420,402,132,3,134
2304,420,49,49,1,49
2305,420,344,94,4,86
2306,420,134,15,1,134
2307,420,54,74,3,18
2308,420,12,129,6,2
2309,421,492,136,4,123
2310,421,417,105,3,139
2311,421,80,166,5,16
2312,422,201,180,3,67
2313,422,279,36,3,93
2314,422,828,104,6,138
2315,422,414,102,6,69
2316,422,70,130,2,35
2317,422,240,35,2,120
2318,422,642,86,6,107
2319,422,30,182,6,5
2320,423,272,41,2,136
2321,423,11,131,1,11
2322,423,545,191,5,109
2323,423,405,51,3,135
2324,424,369,135,3,123
2325,424,140,196,5,28
2326,424,680,68,5,136
2327,425,114,9,1,114
2328,425,260,94,2,130
2329,425,170,188,5,34
2330,426,129,71,1,129
2331,426,105,199,3,35
2332,426,98,185,1,98
2333,426,284,18,2,142
2334,426,285,29,5,57
2335,426,98,45,2,49
2336,426,404,153,4,101
2337,426,74,111,1,74
2338,427,162,29,6,27
2339,427,348,102,3,116
2340,427,306,181,6,51
2341,427,280,66,5,56
2342,427,475,182,5,95
2343,428,4,103,4,1
2344,428,180,54,3,60
2345,428,685,46,5,137
2346,428,576,188,4,144
2347,428,352,122,4,88
2348,428,210,180,3,70
2349,428,384,104,4,96
2350,429,315,98,5,63
2351,429,160,100,2,80
2352,429,350,126,5,70
2353,429,114,91,3,38
2354,429,105,131,1,105
2355,429,90,45,1,90
2356,429,57,40,3,19
2357,429,560,173,4,140
2358,430,238,41,2,119
2359,430,532,194,4,133
2360,430,120,29,6,20
2361,430,244,163,4,61
2362,430,36,42,1,36
2363,430,390,189,3,130
2364,430,117,115,1,117
2365,431,27,166,1,27
2366,431,436,15,4,109
2367,431,148,177,2,74
2368,431,26,57,2,13
2369,431,846,88,6,141
2370,431,395,107,5,79
2371,431,366,52,6,61
2372,431,306,26,6,51
2373,431,8,191,2,4
2374,432,260,164,4,65
2375,432,145,198,1,145
2376,432,155,75,5,31
2377,432,276,198,3,92
2378,432,318,105,3,106
2379,432,180,177,5,36
2380,433,12,78,6,2
2381,433,146,20,2,73
2382,433,192,106,4,48
2383,434,738,119,6,123
2384,434,555,154,5,111
2385,434,48,161,4,12
2386,434,63,13,3,21
2387,434,432,82,3,144
2388,434,560,48,4,140
2389,434,725,201,5,145
2390,434,35,180,1,35
2391,434,235,140,5,47
2392,435,460,54,4,115
2393,435,62,139,2,31
2394,435,246,25,3,82
2395,435,76,179,4,19
2396,435,310,12,5,62
2397,436,37,26,1,37
2398,436,19,110,1,19
2399,436,168,109,2,84
2400,436,605,190,5,121
2401,436,139,50,1,139
2402,437,435,22,5,87
2403,438,144,186,6,24
2404,438,188,188,4,47
2405,438,120,182,6,20
2406,439,232,198,4,58
2407,439,340,8,5,68
2408,439,144,45,4,36
2409,439,69,124,1,69
2410,439,300,36,3,100
2411,440,696,50,6,116
2412,440,3,67,1,3
2413,440,375,5,3,125
2414,440,642,200,6,107
2415,440,315,176,5,63
2416,440,490,75,5,98
2417,441,132,195,1,132
2418,441,2,43,2,1
2419,441,22,163,2,11
2420,441,368,122,4,92
2421,442,213,142,3,71
2422,442,61,63,1,61
2423,442,139,54,1,139
2424,442,70,35,5,14
2425,442,124,157,2,62
2426,442,96,73,3,32
2427,442,417,16,3,139
2428,443,264,58,4,66
2429,443,25,142,1,25
2430,443,305,189,5,61
2431,443,226,178,2,113
2432,443,237,71,3,79
2433,443,635,50,5,127
2434,443,415,68,5,83
2435,443,420,69,5,84
2436,443,510,40,5,102
2437,444,540,12,4,135
2438,444,184,82,4,46
2439,444,252,163,6,42
2440,444,492,163,6,82
2441,444,744,150,6,124
2442,445,30,40,1,30
2443,445,116,148,1,116
2444,445,320,121,4,80
2445,445,272,51,4,68
2446,445,356,59,4,89
2447,446,46,109,2,23
2448,446,333,40,3,111
2449,446,140,159,2,70
2450,446,98,87,2,49
2451,446,3,130,3,1
2452,446,357,135,3,119
2453,446,268,73,2,134
2454,447,84,93,6,14
2455,447,230,35,2,115
2456,448,80,2,2,40
2457,448,143,137,1,143
2458,448,50,76,1,50
2459,448,58,14,1,58
2460,448,24,198,1,24
2461,448,455,64,5,91
2462,449,152,153,4,38
2463,449,68,154,2,34
2464,449,120,132,1,120
2465,449,212,40,2,106
2466,449,40,121,5,8
2467,449,92,10,4,23
2468,449,240,44,4,60
2469,450,82,97,1,82
2470,450,384,45,6,64
2471,451,280,166,2,140
2472,451,267,52,3,89
2473,451,87,117,1,87
2474,452,42,179,2,21
2475,452,130,8,1,130
2476,452,89,41,1,89
2477,452,42,31,3,14
2478,452,219,31,3,73
2479,452,162,123,2,81
2480,453,112,55,1,112
2481,453,52,102,1,52
2482,453,309,104,3,103
2483,453,41,78,1,41
2484,453,495,155,5,99
2485,454,348,55,4,87
2486,454,38,196,1,38
2487,455,102,44,3,34
2488,455,381,182,3,127
2489,455,98,140,1,98
2490,456,36,66,3,12
2491,456,354,133,6,59
2492,456,475,187,5,95
2493,456,192,182,6,32
2494,456,309,122,3,103
2495,456,15,133,5,3
2496,456,95,112,1,95
2497,456,715,61,5,143
2498,457,744,167,6,124
2499,457,425,40,5,85
2500,457,165,9,3,55
2501,457,230,144,2,115
2502,458,580,136,5,116
2503,458,282,69,2,141
2504,458,130,202,1,130
2505,458,168,20,3,56
2506,458,306,134,6,51
2507,459,384,41,3,128
2508,459,88,128,1,88
2509,460,139,53,1,139
2510,460,384,126,4,96
2511,460,131,132,1,131
2512,460,354,74,3,118
2513,461,450,123,5,90
2514,461,13,170,1,13
2515,461,51,19,1,51
2516,462,74,188,2,37
2517,462,282,22,3,94
2518,462,30,16,6,5
2519,462,38,185,2,19
2520,462,198,87,2,99
2521,463,450,113,5,90
2522,463,82,109,1,82
2523,463,360,128,6,60
2524,463,363,101,3,121
2525,463,351,6,3,117
2526,463,12,162,4,3
2527,463,36,183,3,12
2528,464,505,195,5,101
2529,464,107,77,1,107
2530,464,258,134,2,129
2531,464,530,121,5,106
2532,464,432,102,3,144
2533,464,174,16,6,29
2534,464,580,153,4,145
2535,464,93,62,3,31
2536,465,357,121,3,119
2537,465,870,110,6,145
2538,465,208,202,2,104
2539,465,96,57,1,96
2540,465,147,119,3,49
2541,465,43,168,1,43
2542,466,42,76,1,42
2543,466,816,190,6,136
2544,466,384,76,6,64
2545,466,495,149,5,99
2546,467,19,37,1,19
2547,467,110,137,1,110
2548,467,192,71,2,96
2549,467,66,73,2,33
2550,467,76,86,1,76
2551,468,33,127,3,11
2552,468,108,113,3,36
2553,468,145,112,1,145
2554,469,30,174,6,5
2555,469,160,150,4,40
2556,469,90,52,1,90
2557,469,620,76,5,124
2558,469,186,82,6,31
2559,469,306,107,3,102
2560,469,309,116,3,103
2561,470,774,176,6,129
2562,470,429,37,3,143
2563,470,276,100,6,46
2564,470,26,113,1,26
2565,470,72,140,6,12
2566,470,339,179,3,113
2567,471,255,159,5,51
2568,471,56,127,2,28
2569,471,48,157,1,48
2570,471,32,41,1,32
2571,471,272,14,4,68
2572,471,744,132,6,124
2573,472,106,134,2,53
2574,472,524,74,4,131
2575,472,468,94,6,78
2576,472,732,12,6,122
2577,473,102,16,6,17
2578,473,80,128,5,16
2579,473,375,130,3,125
2580,473,792,152,6,132
2581,474,570,111,6,95
2582,474,104,129,4,26
2583,474,438,19,6,73
2584,474,18,143,2,9
2585,474,84,55,6,14
2586,474,244,178,4,61
2587,474,4,108,2,2
2588,474,260,83,5,52
2589,474,110,65,1,110
2590,475,400,107,4,100
2591,475,324,122,4,81
2592,475,10,26,1,10
2593,475,90,18,1,90
2594,475,105,69,5,21
2595,475,375,82,3,125
2596,475,548,83,4,137
2597,475,175,199,5,35
2598,475,396,157,6,66
2599,476,318,165,6,53
2600,476,366,99,3,122
2601,476,103,143,1,103
2602,476,28,150,2,14
2603,476,804,46,6,134
2604,477,206,63,2,103
2605,477,74,73,1,74
2606,477,3,95,1,3
2607,477,390,195,6,65
2608,477,508,44,4,127
2609,478,139,158,1,139
2610,478,84,61,3,28
2611,478,672,150,6,112
2612,478,408,172,4,102
2613,478,615,18,5,123
2614,478,36,103,2,18
2615,478,32,142,4,8
2616,479,655,47,5,131
2617,479,42,92,3,14
2618,479,248,182,2,124
2619,479,414,136,3,138
2620,479,444,68,4,111
2621,479,180,42,6,30
2622,479,180,95,2,90
2623,479,117,200,1,117
2624,479,222,78,2,111
2625,479,129,139,1,129
2626,479,364,200,4,91
2627,480,22,171,2,11
2628,480,218,153,2,109
2629,481,665,79,5,133
2630,481,402,173,6,67
2631,481,630,88,5,126
2632,481,119,101,1,119
2633,481,12,112,2,6
2634,482,280,23,2,140
2635,482,270,63,6,45
2636,482,366,82,3,122
2637,482,130,111,5,26
2638,483,95,162,5,19
2639,483,76,126,4,19
2640,483,365,140,5,73
2641,483,248,140,4,62
2642,483,8,30,1,8
2643,483,402,166,3,134
2644,483,86,9,1,86
2645,484,294,86,3,98
2646,484,484,39,4,121
2647,484,32,172,1,32
2648,485,615,172,5,123
2649,485,99,66,3,33
2650,486,708,165,6,118
2651,486,77,150,1,77
2652,486,142,108,1,142
2653,486,95,61,5,19
2654,486,121,84,1,121
2655,486,36,189,2,18
2656,486,32,115,2,16
2657,486,180,158,3,60
2658,486,41,49,1,41
2659,486,128,107,1,128
2660,486,552,49,6,92
2661,487,750,109,6,125
2662,487,252,159,2,126
2663,487,308,70,4,77
2664,487,230,5,5,46
2665,487,162,184,2,81
2666,487,294,96,3,98
2667,488,37,147,1,37
2668,488,136,186,2,68
2669,488,276,24,3,92
2670,488,363,41,3,121
2671,489,195,169,5,39
2672,489,575,103,5,115
2673,489,520,15,4,130
2674,490,180,107,2,90
2675,490,828,88,6,138
2676,490,360,23,5,72
2677,490,372,105,3,124
2678,491,83,190,1,83
2679,491,393,166,3,131
2680,491,87,70,1,87
2681,491,228,25,3,76
2682,491,268,157,4,67
2683,492,366,101,3,122
2684,492,15,98,5,3
2685,492,222,183,3,74
2686,492,83,191,1,83
2687,492,216,64,2,108
2688,493,630,101,5,126
2689,493,205,49,5,41
2690,493,490,145,5,98
2691,493,234,85,2,117
2692,493,120,73,1,120
2693,493,170,132,2,85
2694,493,240,131,3,80
2695,493,224,10,4,56
2696,493,172,98,2,86
2697,494,456,31,4,114
2698,494,630,64,5,126
2699,494,205,72,5,41
2700,494,94,106,2,47
2701,494,705,41,5,141
2702,494,125,73,5,25
2703,494,355,120,5,71
2704,494,31,144,1,31
2705,494,330,134,6,55
2706,495,138,136,3,46
2707,495,488,185,4,122
2708,495,35,111,5,7
2709,495,196,93,2,98
2710,495,208,186,2,104
2711,495,30,114,6,5
2712,495,30,40,1,30
2713,495,44,87,4,11
2714,496,86,146,1,86
2715,496,428,164,4,107
2716,496,81,189,3,27
2717,497,42,163,3,14
2718,497,700,145,5,140
2719,497,46,72,1,46
2720,497,73,118,1,73
2721,497,381,119,3,127
2722,498,85,42,5,17
2723,498,333,70,3,111
2724,498,210,33,6,35
2725,498,40,136,1,40
2726,498,54,122,1,54
2727,498,100,188,2,50
2728,498,445,73,5,89
2729,499,846,131,6,141
2730,499,625,37,5,125
2731,499,432,136,3,144
2732,499,456,195,4,114
2733,499,635,137,5,127
2734,500,165,200,5,33
2735,500,230,143,5,46
2736,500,429,15,3,143
2737,500,110,114,5,22
2738,500,240,174,3,80
2739,500,124,45,1,124
2740,500,75,3,3,25
